Fecha y Hora;Temperatura (°C);Humedad (% HR);Radiación Solar (lux);Corriente Bomba (A);Puerto / Antena
2026-09-01 11:50:28;33,50;65,1;0,0;0,000;XBee_PRO_S2B (COM6)
2026-09-01 11:50:30;33,50;65,0;0,0;0,000;XBee_PRO_S2B (COM6)
2026-09-01 11:50:32;33,50;65,0;0,0;0,000;XBee_PRO_S2B (COM6)
2026-09-01 11:50:34;33,50;65,0;0,0;0,000;XBee_PRO_S2B (COM6)
2026-09-01 11:50:36;33,50;65,0;0,0;0,000;XBee_PRO_S2B (COM6)
2026-09-01 11:50:39;33,50;64,9;0,0;0,000;XBee_PRO_S2B (COM6)
2026-09-01 11:50:41;33,50;64,9;0,0;0,000;XBee_PRO_S2B (COM6)
2026-09-01 11:50:43;33,50;65,0;0,0;0,000;XBee_PRO_S2B (COM6)
2026-09-01 11:50:45;33,50;64,9;0,0;0,000;XBee_PRO_S2B (COM6)
2026-09-01 11:50:47;33,50;65,0;0,0;0,000;XBee_PRO_S2B (COM6)
2026-09-01 11:50:49;33,50;65,0;0,0;0,100;XBee_PRO_S2B (COM6)
2026-09-01 11:50:51;33,50;65,0;0,0;0,000;XBee_PRO_S2B (COM6)
2026-09-01 11:50:53;33,50;65,0;0,0;0,000;XBee_PRO_S2B (COM6)
2026-09-01 11:50:55;33,50;65,0;0,0;0,000;XBee_PRO_S2B (COM6)
2026-09-01 11:50:57;33,50;65,0;0,0;0,000;XBee_PRO_S2B (COM6)
2026-09-01 11:50:59;33,50;65,0;0,0;0,000;XBee_PRO_S2B (COM6)
2026-09-01 11:51:01;33,50;65,0;0,0;0,000;XBee_PRO_S2B (COM6)
2026-09-01 11:51:03;33,50;65,0;0,0;0,000;XBee_PRO_S2B (COM6)
2026-09-01 11:51:05;33,50;65,0;0,0;0,000;XBee_PRO_S2B (COM6)
2026-09-01 11:51:07;33,50;65,0;0,0;0,100;XBee_PRO_S2B (COM6)
2026-09-01 11:51:09;33,50;65,0;0,0;0,000;XBee_PRO_S2B (COM6)
2026-09-01 11:51:11;33,50;65,0;0,0;0,000;XBee_PRO_S2B (COM6)
2026-09-01 11:51:13;33,50;65,0;0,0;0,000;XBee_PRO_S2B (COM6)
2026-09-01 11:51:15;33,50;65,0;0,0;0,000;XBee_PRO_S2B (COM6)
2026-09-01 11:51:18;33,50;65,0;0,0;0,000;XBee_PRO_S2B (COM6)
2026-09-01 11:51:20;33,50;65,0;0,0;0,000;XBee_PRO_S2B (COM6)
2026-09-01 11:51:22;33,50;65,0;0,0;0,000;XBee_PRO_S2B (COM6)
2026-09-01 11:51:24;33,50;65,0;0,0;0,000;XBee_PRO_S2B (COM6)
2026-09-01 11:51:26;33,50;65,0;0,0;0,000;XBee_PRO_S2B (COM6)
2026-09-01 11:51:28;33,50;65,0;0,0;0,000;XBee_PRO_S2B (COM6)
2026-09-01 11:51:30;33,50;65,0;0,0;0,000;XBee_PRO_S2B (COM6)
2026-09-01 11:51:32;33,50;65,0;0,0;0,000;XBee_PRO_S2B (COM6)
2026-09-01 11:51:34;33,50;65,0;0,0;0,000;XBee_PRO_S2B (COM6)
2026-09-01 11:51:36;33,50;65,0;0,0;0,000;XBee_PRO_S2B (COM6)
2026-09-01 11:51:38;33,50;65,1;0,0;0,000;XBee_PRO_S2B (COM6)
2026-09-01 11:51:40;33,50;65,1;0,0;0,000;XBee_PRO_S2B (COM6)
2026-09-01 11:51:42;33,50;65,1;0,0;0,000;XBee_PRO_S2B (COM6)
2026-09-01 11:51:44;33,50;65,1;0,0;0,000;XBee_PRO_S2B (COM6)
2026-09-01 11:51:46;33,50;65,1;0,0;0,000;XBee_PRO_S2B (COM6)
2026-09-01 11:51:48;33,50;65,1;0,0;0,000;XBee_PRO_S2B (COM6)
2026-09-01 11:51:50;33,50;65,2;0,0;0,000;XBee_PRO_S2B (COM6)
2026-09-01 11:51:52;33,50;65,2;0,0;0,000;XBee_PRO_S2B (COM6)
2026-09-01 11:51:54;33,50;65,2;0,0;0,000;XBee_PRO_S2B (COM6)
2026-09-01 11:51:56;33,50;65,2;0,0;0,000;XBee_PRO_S2B (COM6)
2026-09-01 11:51:59;33,40;65,2;0,0;0,100;XBee_PRO_S2B (COM6)
2026-09-01 11:52:01;33,50;65,2;0,0;0,000;XBee_PRO_S2B (COM6)
2026-09-01 11:52:03;33,50;65,2;0,0;0,000;XBee_PRO_S2B (COM6)
2026-09-01 11:52:05;33,50;65,3;0,0;0,000;XBee_PRO_S2B (COM6)
2026-09-01 11:52:07;33,50;65,2;0,0;0,000;XBee_PRO_S2B (COM6)
2026-09-01 11:52:09;33,50;65,3;0,0;0,000;XBee_PRO_S2B (COM6)
2026-09-01 11:52:11;33,40;65,3;0,0;0,000;XBee_PRO_S2B (COM6)
2026-09-01 11:52:13;33,50;65,3;0,0;0,000;XBee_PRO_S2B (COM6)
2026-09-01 11:52:15;33,50;65,3;0,0;0,000;XBee_PRO_S2B (COM6)
2026-09-01 11:52:17;33,50;65,4;0,0;0,100;XBee_PRO_S2B (COM6)
2026-09-01 11:52:19;33,50;65,4;0,0;0,000;XBee_PRO_S2B (COM6)
2026-09-01 11:52:21;33,50;65,4;0,0;0,000;XBee_PRO_S2B (COM6)
2026-09-01 11:52:23;33,50;65,4;0,0;0,000;XBee_PRO_S2B (COM6)
2026-09-01 11:52:25;33,50;65,4;0,0;0,000;XBee_PRO_S2B (COM6)
2026-09-01 11:52:27;33,50;65,4;0,0;0,000;XBee_PRO_S2B (COM6)
2026-09-01 11:52:29;33,40;65,4;0,0;0,000;XBee_PRO_S2B (COM6)
2026-09-01 11:52:31;33,50;65,4;0,0;0,000;XBee_PRO_S2B (COM6)
2026-09-01 11:52:33;33,50;65,5;0,0;0,000;XBee_PRO_S2B (COM6)
2026-09-01 11:52:35;33,50;65,5;0,0;0,000;XBee_PRO_S2B (COM6)
2026-09-01 11:52:37;33,50;65,5;0,0;0,100;XBee_PRO_S2B (COM6)
2026-09-01 11:52:39;33,50;65,5;0,0;0,100;XBee_PRO_S2B (COM6)
2026-09-01 11:52:41;33,50;65,5;0,0;0,000;XBee_PRO_S2B (COM6)
2026-09-01 11:52:43;33,50;65,5;0,0;0,000;XBee_PRO_S2B (COM6)
2026-09-01 11:52:46;33,50;65,5;0,0;0,000;XBee_PRO_S2B (COM6)
2026-09-01 11:52:48;33,50;65,5;0,0;0,000;XBee_PRO_S2B (COM6)
2026-09-01 11:52:50;33,50;65,5;0,0;0,100;XBee_PRO_S2B (COM6)
2026-09-01 11:52:52;33,50;65,5;0,0;0,000;XBee_PRO_S2B (COM6)
2026-09-01 11:52:54;33,50;65,4;0,0;0,000;XBee_PRO_S2B (COM6)
2026-09-01 11:52:56;33,50;65,5;0,0;0,000;XBee_PRO_S2B (COM6)
2026-09-01 11:52:58;33,50;65,5;0,0;0,000;XBee_PRO_S2B (COM6)
2026-09-01 11:53:00;33,50;65,4;0,0;0,000;XBee_PRO_S2B (COM6)
2026-09-01 11:53:02;33,50;65,4;0,0;0,000;XBee_PRO_S2B (COM6)
2026-09-01 11:53:04;33,50;65,5;0,0;0,000;XBee_PRO_S2B (COM6)
2026-09-01 11:53:06;33,50;65,5;0,0;0,000;XBee_PRO_S2B (COM6)
2026-09-01 11:53:08;33,50;65,4;0,0;0,100;XBee_PRO_S2B (COM6)
2026-09-01 11:53:10;33,50;65,5;0,0;0,000;XBee_PRO_S2B (COM6)
2026-09-01 11:53:12;33,50;65,4;0,0;0,000;XBee_PRO_S2B (COM6)
2026-09-01 11:53:14;33,50;65,5;0,0;0,000;XBee_PRO_S2B (COM6)
2026-09-01 11:53:16;33,50;65,5;0,0;0,000;XBee_PRO_S2B (COM6)
2026-09-01 11:53:18;33,50;65,5;0,0;0,000;XBee_PRO_S2B (COM6)
2026-09-01 11:53:20;33,50;65,5;0,0;0,000;XBee_PRO_S2B (COM6)
2026-09-01 11:53:22;33,50;65,4;0,0;0,000;XBee_PRO_S2B (COM6)
2026-09-01 11:53:24;33,50;65,4;0,0;0,000;XBee_PRO_S2B (COM6)
2026-09-01 11:53:26;33,50;65,5;0,0;0,000;XBee_PRO_S2B (COM6)
2026-09-01 11:53:28;33,50;65,4;0,0;0,000;XBee_PRO_S2B (COM6)
2026-09-01 11:53:30;33,50;65,4;0,0;0,000;XBee_PRO_S2B (COM6)
2026-09-01 12:00:10;33,10;66,0;0,0;0,100;XBee_PRO_S2B (COM6)
2026-09-01 12:00:12;33,10;65,9;0,0;0,000;XBee_PRO_S2B (COM6)
2026-09-01 12:00:14;33,10;66,0;0,0;0,000;XBee_PRO_S2B (COM6)
2026-09-01 12:00:16;33,10;66,0;0,0;0,000;XBee_PRO_S2B (COM6)
2026-09-01 12:00:18;33,10;66,0;0,0;0,000;XBee_PRO_S2B (COM6)
2026-09-01 12:00:20;33,10;66,0;0,0;0,000;XBee_PRO_S2B (COM6)
2026-09-01 12:00:22;33,10;66,0;0,0;0,000;XBee_PRO_S2B (COM6)
2026-09-01 12:00:24;33,10;66,1;0,0;0,000;XBee_PRO_S2B (COM6)
2026-09-01 12:00:26;33,10;66,1;0,0;0,000;XBee_PRO_S2B (COM6)
2026-09-01 12:00:28;33,10;66,0;0,0;0,000;XBee_PRO_S2B (COM6)
2026-09-01 12:00:30;33,10;66,1;0,0;0,000;XBee_PRO_S2B (COM6)
2026-09-01 12:00:32;33,10;66,0;0,0;0,000;XBee_PRO_S2B (COM6)
2026-09-01 12:00:35;33,10;66,1;0,0;0,000;XBee_PRO_S2B (COM6)
2026-09-01 12:00:37;33,10;66,1;0,0;0,000;XBee_PRO_S2B (COM6)
2026-09-01 12:00:39;33,10;66,1;0,0;0,000;XBee_PRO_S2B (COM6)
2026-09-01 12:00:41;33,10;66,1;0,0;0,000;XBee_PRO_S2B (COM6)
2026-09-01 12:00:43;33,00;66,1;0,0;0,000;XBee_PRO_S2B (COM6)
2026-09-01 12:00:45;33,00;66,2;0,0;0,000;XBee_PRO_S2B (COM6)
2026-09-01 12:00:47;33,10;66,2;0,0;0,000;XBee_PRO_S2B (COM6)
2026-09-01 12:00:49;33,10;66,2;0,0;0,000;XBee_PRO_S2B (COM6)
2026-09-01 12:00:51;33,10;66,2;0,0;0,000;XBee_PRO_S2B (COM6)
2026-09-01 12:00:53;33,00;66,1;0,0;0,000;XBee_PRO_S2B (COM6)
2026-09-01 12:00:55;33,10;66,2;0,0;0,000;XBee_PRO_S2B (COM6)
2026-09-01 12:00:57;33,00;66,2;0,0;0,000;XBee_PRO_S2B (COM6)
2026-09-01 12:00:59;33,10;66,2;0,0;0,000;XBee_PRO_S2B (COM6)
2026-09-01 12:01:01;33,10;66,1;0,0;0,000;XBee_PRO_S2B (COM6)
2026-09-01 12:01:03;33,00;66,2;0,0;0,000;XBee_PRO_S2B (COM6)
2026-09-01 12:01:05;33,10;66,2;0,0;0,100;XBee_PRO_S2B (COM6)
2026-09-01 12:01:07;33,10;66,2;0,0;0,000;XBee_PRO_S2B (COM6)
2026-09-01 12:01:09;33,10;66,2;0,0;0,000;XBee_PRO_S2B (COM6)
2026-09-01 12:01:12;33,10;66,2;0,0;0,000;XBee_PRO_S2B (COM6)
2026-09-01 12:01:14;33,10;66,2;0,0;0,000;XBee_PRO_S2B (COM6)
2026-09-01 12:01:16;33,10;66,2;0,0;0,000;XBee_PRO_S2B (COM6)
2026-09-01 12:01:18;33,00;66,2;0,0;0,000;XBee_PRO_S2B (COM6)
2026-09-01 12:01:20;33,10;66,3;0,0;0,100;XBee_PRO_S2B (COM6)
2026-09-01 12:01:22;33,00;66,2;0,0;0,000;XBee_PRO_S2B (COM6)
2026-09-01 12:01:24;33,10;66,3;0,0;0,000;XBee_PRO_S2B (COM6)
2026-09-01 12:01:26;33,10;66,2;0,0;0,000;XBee_PRO_S2B (COM6)
2026-09-01 12:01:28;33,10;66,2;0,0;0,000;XBee_PRO_S2B (COM6)
2026-09-01 12:01:30;33,10;66,2;0,0;0,000;XBee_PRO_S2B (COM6)
2026-09-01 12:01:32;33,10;66,3;0,0;0,100;XBee_PRO_S2B (COM6)
2026-09-01 12:01:34;33,00;66,2;0,0;0,000;XBee_PRO_S2B (COM6)
2026-09-01 12:01:36;33,10;66,3;0,0;0,100;XBee_PRO_S2B (COM6)
2026-09-01 12:01:38;33,10;66,3;0,0;0,000;XBee_PRO_S2B (COM6)
2026-09-01 12:01:40;33,10;66,3;0,0;0,100;XBee_PRO_S2B (COM6)
2026-09-01 12:01:42;33,10;66,3;0,0;0,000;XBee_PRO_S2B (COM6)
2026-09-01 12:01:44;33,10;66,3;0,0;0,000;XBee_PRO_S2B (COM6)
2026-09-01 12:01:46;33,10;66,3;0,0;0,000;XBee_PRO_S2B (COM6)
2026-09-01 12:01:48;33,10;66,3;0,0;0,000;XBee_PRO_S2B (COM6)
2026-09-01 12:01:50;33,10;66,3;0,0;0,000;XBee_PRO_S2B (COM6)
2026-09-01 12:01:52;33,10;66,3;0,0;0,000;XBee_PRO_S2B (COM6)
2026-09-01 12:01:54;33,10;66,4;0,0;0,000;XBee_PRO_S2B (COM6)
2026-09-01 12:01:56;33,10;66,3;0,0;0,000;XBee_PRO_S2B (COM6)
2026-09-01 12:01:58;33,10;66,3;0,0;0,000;XBee_PRO_S2B (COM6)
2026-09-01 12:02:01;33,10;66,4;0,0;0,000;XBee_PRO_S2B (COM6)
2026-09-01 12:02:03;33,10;66,4;0,0;0,000;XBee_PRO_S2B (COM6)
2026-09-01 12:02:05;33,10;66,3;0,0;0,000;XBee_PRO_S2B (COM6)
2026-09-01 12:02:07;33,10;66,3;0,0;0,000;XBee_PRO_S2B (COM6)
2026-09-01 12:02:09;33,10;66,3;0,0;0,000;XBee_PRO_S2B (COM6)
2026-09-01 12:02:11;33,10;66,3;0,0;0,000;XBee_PRO_S2B (COM6)
2026-09-01 12:02:13;33,10;66,4;0,0;0,000;XBee_PRO_S2B (COM6)
2026-09-01 12:02:15;33,10;66,4;0,0;0,000;XBee_PRO_S2B (COM6)
2026-09-01 12:02:17;33,10;66,4;0,0;0,000;XBee_PRO_S2B (COM6)
2026-09-01 12:02:19;33,10;66,4;0,0;0,000;XBee_PRO_S2B (COM6)
2026-09-01 12:02:21;33,10;66,5;0,0;0,100;XBee_PRO_S2B (COM6)
2026-09-01 12:02:23;33,10;66,5;0,0;0,000;XBee_PRO_S2B (COM6)
2026-09-01 12:02:25;33,10;66,4;0,0;0,000;XBee_PRO_S2B (COM6)
2026-09-01 12:02:27;33,10;66,5;0,0;0,000;XBee_PRO_S2B (COM6)
2026-09-01 12:02:29;33,10;66,4;0,0;0,100;XBee_PRO_S2B (COM6)
2026-09-01 12:02:31;33,10;66,4;0,0;0,000;XBee_PRO_S2B (COM6)
2026-09-01 12:02:33;33,10;66,4;0,0;0,000;XBee_PRO_S2B (COM6)
2026-09-01 12:02:35;33,10;66,4;0,0;0,000;XBee_PRO_S2B (COM6)
2026-09-01 12:02:37;33,10;66,4;0,0;0,100;XBee_PRO_S2B (COM6)
2026-09-01 12:02:39;33,10;66,3;0,0;0,000;XBee_PRO_S2B (COM6)
2026-09-01 12:02:41;33,10;66,3;0,0;0,000;XBee_PRO_S2B (COM6)
2026-09-01 12:02:44;33,10;66,3;0,0;0,000;XBee_PRO_S2B (COM6)
2026-09-01 12:02:46;33,10;66,2;0,0;0,000;XBee_PRO_S2B (COM6)
2026-09-01 12:02:48;33,10;66,3;0,0;0,000;XBee_PRO_S2B (COM6)
2026-09-01 12:02:50;33,10;66,2;0,0;0,000;XBee_PRO_S2B (COM6)
2026-09-01 12:02:52;33,10;66,2;0,0;0,000;XBee_PRO_S2B (COM6)
2026-09-01 12:02:54;33,10;66,2;0,0;0,000;XBee_PRO_S2B (COM6)
2026-09-01 12:02:56;33,10;66,2;0,0;0,000;XBee_PRO_S2B (COM6)
2026-09-01 12:02:58;33,10;66,2;0,0;0,000;XBee_PRO_S2B (COM6)
2026-09-01 12:03:00;33,10;66,2;0,0;0,000;XBee_PRO_S2B (COM6)
2026-09-01 12:03:02;33,10;66,2;0,0;0,000;XBee_PRO_S2B (COM6)
2026-09-01 12:03:04;33,10;66,2;0,0;0,000;XBee_PRO_S2B (COM6)
2026-09-01 12:03:06;33,10;66,2;0,0;0,000;XBee_PRO_S2B (COM6)
2026-09-01 12:03:08;33,10;66,2;0,0;0,100;XBee_PRO_S2B (COM6)
2026-09-01 12:03:10;33,10;66,2;0,0;0,100;XBee_PRO_S2B (COM6)
2026-09-01 12:03:12;33,10;66,1;0,0;0,000;XBee_PRO_S2B (COM6)
2026-09-01 12:03:14;33,10;66,1;0,0;0,000;XBee_PRO_S2B (COM6)
2026-09-01 12:03:16;33,10;66,1;0,0;0,100;XBee_PRO_S2B (COM6)
2026-09-01 12:03:18;33,10;66,1;0,0;0,000;XBee_PRO_S2B (COM6)
2026-09-01 12:03:20;33,10;66,1;0,0;0,000;XBee_PRO_S2B (COM6)
2026-09-01 12:03:22;33,10;66,1;0,0;0,000;XBee_PRO_S2B (COM6)
2026-09-01 12:03:24;33,10;66,1;0,0;0,000;XBee_PRO_S2B (COM6)
2026-09-01 12:03:26;33,10;66,1;0,0;0,000;XBee_PRO_S2B (COM6)
2026-09-01 12:03:29;33,10;66,1;0,0;0,000;XBee_PRO_S2B (COM6)
2026-09-01 12:03:31;33,10;66,1;0,0;0,000;XBee_PRO_S2B (COM6)
2026-09-01 12:03:33;33,10;66,1;0,0;0,000;XBee_PRO_S2B (COM6)
2026-09-01 12:03:35;33,10;66,1;0,0;0,000;XBee_PRO_S2B (COM6)
2026-09-01 12:03:37;33,10;66,1;0,0;0,000;XBee_PRO_S2B (COM6)
2026-09-01 12:03:39;33,10;66,1;0,0;0,000;XBee_PRO_S2B (COM6)
2026-09-01 12:03:41;33,10;66,1;0,0;0,100;XBee_PRO_S2B (COM6)
2026-09-01 12:03:43;33,10;66,1;0,0;0,000;XBee_PRO_S2B (COM6)
2026-09-01 12:03:45;33,00;66,1;0,0;0,000;XBee_PRO_S2B (COM6)
2026-09-01 12:03:47;33,00;66,1;0,0;0,000;XBee_PRO_S2B (COM6)
2026-09-01 12:03:49;33,10;66,1;0,0;0,000;XBee_PRO_S2B (COM6)
2026-09-01 12:03:51;33,00;66,1;0,0;0,100;XBee_PRO_S2B (COM6)
2026-09-01 12:03:53;33,00;66,2;0,0;0,000;XBee_PRO_S2B (COM6)
